num_reads,avg_time,std_time,reads_per_second,mapping_rate,accuracy,memory_mb
1000,0.24940619468688965,0.0067668775455186885,4009.5235054422897,100.0,100.0,60
5000,0.297007417678833,0.014899140406037983,16834.596385086643,100.0,100.0,60
10000,0.3734774589538574,0.0059731418107782566,26775.377630582745,99.91,99.91,60
25000,0.591933298110962,0.03822248110819483,42234.48837864427,99.94800000000001,99.94800000000001,60
50000,0.9123578548431397,0.014622888974189934,54803.05752241967,99.944,99.944,60
